id,name,displayName,gender,custom.statusOfPersonStr,custom.rentalOrOwnEquipmentStr,custom.dateofHiringAt,custom.dateOfFiringAt
636e556aa9bb92aa444b216f,Elaine [Team] - Toronto,Elaine [Team] - Toronto,f,Cleaner,Using Own Equipment,2022-11-09T05:00:00.000Z, 
63d010dc6b67b2a7b48404f4,Erika Nathalie Ortega Vargas [Team] - Toronto,Erika Nathalie Ortega Vargas [Team] - Toronto,f,Cleaner,Using Own Equipment,2023-02-16T05:00:00.000Z, 
63c1531bbab0ae602b517475,Helen Edet [Team] - Toronto,Helen Edet [Team] - Toronto,f,Cleaner,Using Own Equipment,2023-01-28T05:00:00.000Z, 
66452b5a644cf40fb526eadd,Julio Kimfoko,Julio Kimfoko,null,Fired/Resigned - Cleaner,null,2024-03-25T06:00:00.000Z, 
6387f7ab73703852798b9758,Blaise Tea Tieoulou [Team],Blaise Tea Tieoulou [Team],m,Cleaner,Renting UrbanMop Equipment,2020-12-11T05:00:00.000Z, 
63f612b5104c1e7619a4f0fa,Karen Altamirano [Team],Karen Altamirano [Team],f,Cleaner,Using Own Equipment,2023-02-27T05:00:00.000Z, 
63ecf9952e74b55959895648,Jahswant Fodouop Takoguem [Team],Jahswant Fodouop Takoguem [Team],m,Cleaner,Using Own Equipment,2023-03-29T04:00:00.000Z, 
64c9165791e38a20cb3d2cc9,Manuel Kiang Ma Wong Tay [Team],Manuel Kiang Ma Wong Tay [Team],m,Cleaner,Using Own Equipment,2023-08-21T04:00:00.000Z, 
64a5c8669f050c4cea0b4186,Janeth Crespo [Team],Janeth Crespo [Team],f,Cleaner,Using Own Equipment,2023-07-20T04:00:00.000Z, 
637f8390ea9530b072afad4c,Syntyche Manzazeu Ndayong [Team],Syntyche Manzazeu Ndayong [Team],f,Cleaner,Renting UrbanMop Equipment,2022-12-20T05:00:00.000Z, 
65becc898e0d160c41f04539,Eray Murat [Team],Eray Murat [Team],m,Cleaner,Using Own Equipment,2023-11-16T05:00:00.000Z, 
6478bc8581f0b22757ebcd59,Ariane Esther Tchuenkam [Team],Ariane Esther Tchuenkam [Team],f,Cleaner,Renting UrbanMop Equipment,2023-06-22T04:00:00.000Z, 
6390cc4fda45f5696919335a,Natalie Duby [Team],Natalie Duby [Team],f,Cleaner,Renting UrbanMop Equipment,2023-09-19T04:00:00.000Z, 
6542b3716cc0592aff06d3e3,Mama-Pascale Julien [Team],Mama-Pascale Julien [Team],f,Cleaner,Using Own Equipment,2023-11-22T05:00:00.000Z, 
64cd34a1ca4ce81c73393c30,Nkema Etale [Team],Nkema Etale [Team],m,Cleaner,Using Own Equipment,2023-08-31T04:00:00.000Z, 
650b190f3687c862a7772670,Antoine Page [Team],Antoine Page [Team],m,Cleaner,Using Own Equipment,2023-10-27T04:00:00.000Z, 
6553840320bb48c9e6785d7e,Maggie (Chun Yi Wu) [Team],Maggie (Chun Yi Wu) [Team],f,Cleaner,Renting UrbanMop Equipment,2023-11-30T05:00:00.000Z, 
6363ce76f5eea357c5c091f3,Pitshou Bwana [Team],Pitshou Bwana [Team],m,Cleaner,Renting UrbanMop Equipment,2022-06-10T04:00:00.000Z, 
64f11039dd525f53f3dc0041,Steve Dore Temgoua [Team],Steve Dore Temgoua [Team],m,Cleaner,Using Own Equipment,2023-08-24T04:00:00.000Z, 
65280679767bb59cb100e6c1,Fatuma Hassan [Team],Fatuma Hassan [Team],f,Cleaner,Using Own Equipment,2023-10-27T04:00:00.000Z, 
657b3e0f074a9d752ecb15c8,Archimede Ingabire [Team],Archimede Ingabire [Team],m,Cleaner,Using Own Equipment,2024-01-05T05:00:00.000Z, 
63878c21f2f13159874afb15,Aman [Team],Aman [Team],m,Cleaner,Renting UrbanMop Equipment,2022-02-04T05:00:00.000Z, 
64f917a1ed06f96bcf36f3a2,Olena Savchuk [Team],Olena Savchuk [Team],f,Cleaner,Using Own Equipment,2023-09-06T04:00:00.000Z, 
638e4c756d850dec7f4b95df,Mikayla Garnett [Team],Mikayla Garnett [Team],f,Cleaner,Using Own Equipment,2021-10-19T04:00:00.000Z, 
65b0b19fbdc77483f2ce5e03,Olesia Grinina [Team],Olesia Grinina [Team],f,Cleaner,Using Own Equipment,2024-02-29T05:00:00.000Z, 
645a8f14a64ad9edb31fa27f,Godwin Yenou [Team],Godwin Yenou [Team],m,Cleaner,Using Own Equipment,2023-06-07T04:00:00.000Z, 
65638847961a0d7d0c9374b1,Annick Duguay [Team],Annick Duguay [Team],f,Cleaner,Renting UrbanMop Equipment,2023-12-12T05:00:00.000Z, 
656e0a017388baf8a671aa1d,Mariama Goudiaby [Team],Mariama Goudiaby [Team],f,Cleaner,Renting UrbanMop Equipment,2023-12-20T05:00:00.000Z, 
636fce2511b74b65c567d9d0,David Galeano [Team],David Galeano [Team],m,Cleaner,Using Own Equipment,2022-11-05T04:00:00.000Z, 
64f1ebc44c8d874fa881f010,Maivane Kozang Meidieu [Team],Maivane Kozang Meidieu [Team],f,Cleaner,Using Own Equipment,2023-10-02T04:00:00.000Z, 
65b7f20e5bd7bf6e0921c7ab,Osuji Chinedum Christian [Team],Osuji Chinedum Christian [Team],m,Cleaner,Using Own Equipment,2024-03-14T04:00:00.000Z, 
655bb0df489ae73b7b743747,Kevine Sokning Nguimfack [Team],Kevine Sokning Nguimfack [Team],f,Cleaner,Renting UrbanMop Equipment,2023-12-19T05:00:00.000Z, 
64922c1fc2cc5cea71073bbe,Amy Cockerton [Team],Amy Cockerton [Team],f,Cleaner,Using Own Equipment,2023-07-06T04:00:00.000Z, 
64d2f277c35323132c42a2c0,Olek (Oleksandr Holubovskyi) [Team],Olek (Oleksandr Holubovskyi) [Team],m,Cleaner,Using Own Equipment,2023-08-18T04:00:00.000Z, 
6372472a37aeb20b325eff50,Jemps [Team],Jemps [Team],m,Cleaner,Renting UrbanMop Equipment,2020-11-28T05:00:00.000Z, 
64f5d5116f7dc0fc2cff162e,Nicholas Zulu [Team],Nicholas Zulu [Team],m,Cleaner,Using Own Equipment,2023-09-27T04:00:00.000Z, 
647a5000b6dd7d9e766e8ee4,Alex Mitin [Team],Alex Mitin [Team],m,Cleaner,Using Own Equipment,2023-06-07T04:00:00.000Z, 
654efbc2255aaca0cd87bed1,Jahnissi Opia [Team],Jahnissi Opia [Team],m,Cleaner,Using Own Equipment,2023-11-30T05:00:00.000Z, 
65ca38b84839b0209d325f69,Kyle Bettle [Team],Kyle Bettle [Team],m,Cleaner,Using Own Equipment,2024-03-01T05:00:00.000Z, 
654e3730d389214f54b8a763,John Richard Da Costa [Team],John Richard Da Costa [Team],m,Cleaner,Using Own Equipment,2023-12-17T05:00:00.000Z, 
64495b834c01ad9fc2e29575,Claudia Schroeder [Team],Claudia Schroeder [Team],f,Cleaner,Using Own Equipment,2023-05-09T04:00:00.000Z, 
65b2d3821b63f0691247d2fe,Elizabeth Olusola [Team],Elizabeth Olusola [Team],f,Cleaner,Using Own Equipment,2024-03-13T04:00:00.000Z, 
65de11f14ea6df531b7769a2,Merdi Kamango [Team],Merdi Kamango [Team],m,Cleaner,Using Own Equipment,2024-04-18T04:00:00.000Z, 
638e06bd6e40cfb43bb95b49,Aline Wabi [Team],Aline Wabi [Team],f,Cleaner,Renting UrbanMop Equipment,2022-12-20T05:00:00.000Z, 
660ab701db62d48de79f4fba,Josephine Anyaegbu [Team],Josephine Anyaegbu [Team],f,Cleaner,Using Own Equipment,2024-04-29T04:00:00.000Z, 
662c21072b784366e4a4a3be,Shannen Ripley [Team],Shannen Ripley [Team],f,Cleaner,Renting UrbanMop Equipment,2024-05-13T04:00:00.000Z, 
65b1692eab821e96c8517dcd,Ahmed Sangare [Team],Ahmed Sangare [Team],m,Cleaner,Using Own Equipment,2024-02-16T05:00:00.000Z, 
66266ac518dbe5cc5df642ee,Lia-Rae Burnett [Team],Lia-Rae Burnett [Team],f,Cleaner,Using Own Equipment,2024-05-06T04:00:00.000Z, 
65ba6941dae81182e0451229,Devon Sweeney [Team],Devon Sweeney [Team],f,Cleaner,Using Own Equipment,2024-03-21T06:00:00.000Z, 
6565247c2b67bf836908c32a,Samuel Kamdem [Team],Samuel Kamdem [Team],m,Cleaner,Renting UrbanMop Equipment,2024-01-16T05:00:00.000Z, 
64b1a64ff61229d0d8f0a825,Alyssa Laflamme Aubry [Team],Alyssa Laflamme Aubry [Team],f,Cleaner,Using Own Equipment,2023-08-11T04:00:00.000Z, 
659ea465a29274ad2ac2562c,Christie Mosseca Louis [Team],Christie Mosseca Louis [Team],f,Cleaner,Using Own Equipment,2024-01-26T05:00:00.000Z, 
64356456753de881bb1cca5d,Michel Guruka [Team],Michel Guruka [Team],m,Cleaner,Renting UrbanMop Equipment,2023-05-02T06:00:00.000Z, 
65baa9f977b82133c1963a30,Natasha Nickerson [Team],Natasha Nickerson [Team],null,Fired/Resigned - Cleaner,null,2024-03-25T06:00:00.000Z,2024-05-03T06:00:00.000Z
638e4c75f89f6527f37f4c80,Samson,Samson,m,Cleaner,Renting UrbanMop Equipment,2021-03-04T05:00:00.000Z,2024-05-30T04:00:00.000Z
6626868427e7462b7b058f1d,Abdikarim Mohamud [Team],Abdikarim Mohamud [Team],m,Cleaner,Renting UrbanMop Equipment,2024-05-13T04:00:00.000Z, 
65afd40bde247e76cfa97fdb,Marc-Andre Delisle [Team],Marc-Andre Delisle [Team],m,Cleaner,Using Own Equipment,2024-03-08T05:00:00.000Z, 
658652de3d28fac4289f0c52,Carine Douanla Kenne [Team],Carine Douanla Kenne [Team],f,Cleaner,Using Own Equipment,2024-02-08T05:00:00.000Z, 
65b867f533ec1319b96c9877,Tiana Little [Team],Tiana Little [Team],f,Cleaner,Using Own Equipment,2024-03-21T06:00:00.000Z, 
662039880670ccd85ffbdb64,Camilla Murora [Team],Camilla Murora [Team],f,Cleaner,Using Own Equipment,2024-05-06T04:00:00.000Z, 
6564dee315dc16742372b73b,Vicky Sheehan [Team],Vicky Sheehan [Team],f,Cleaner,Using Own Equipment,2023-12-14T05:00:00.000Z, 
654a4135f58d10bdf9ca9fe5,Melissa Granja,Melissa Granja,f,Resigned Cleaner,Using Own Equipment,2023-11-14T05:00:00.000Z,2024-05-30T04:00:00.000Z
63d7c389bcc50fd80f1c9efa,Zacharie Delangis,Zacharie Delangis,m,Terminated Cleaner,Using Own Equipment,2024-04-30T06:00:00.000Z,2024-05-20T06:00:00.000Z
65baddf2fbbe879f1ff7ae10,Katia Adafer,Katia Adafer,null,Resigned Cleaner,Using Own Equipment,2024-03-29T06:00:00.000Z,2024-05-06T06:00:00.000Z
65d3638ea01c010f337d5a0b,Abdullahi Adenijin,Abdullahi Adenijin,null,Terminated Cleaner,Using Own Equipment,2024-04-05T06:00:00.000Z,2024-04-24T06:00:00.000Z
6489f830772726315a2c90b3,Katelyn Elizabeth Rose Roy,Katelyn Elizabeth Rose Roy,null,Resigned Cleaner,Using Own Equipment,2024-03-29T06:00:00.000Z,2024-05-02T06:00:00.000Z
